{"last_tab":"","theme_main_color":"","breadcrumbs_onoff":"0","breadcrumbs_typo":{"font-family":"","font-options":"","google":"1","font-weight":"","font-style":"","subsets":"","text-align":"","font-size":"","line-height":"","letter-spacing":"","color":""},"pre_onoff":"1","pre_type":"03","pre_bg":"#fcdb5a","pre_spin":"#333333","font_h1":{"font-family":"","font-options":"","google":"1","font-weight":"","font-style":"","subsets":"","text-align":"","font-size":"","line-height":"","letter-spacing":"","color":""},"font_h2":{"font-family":"","font-options":"","google":"1","font-weight":"","font-style":"","subsets":"","text-align":"","font-size":"","line-height":"","letter-spacing":"","color":""},"font_h3":{"font-family":"","font-options":"","google":"1","font-weight":"","font-style":"","subsets":"","text-align":"","font-size":"","line-height":"","letter-spacing":"","color":""},"font_h4":{"font-family":"","font-options":"","google":"1","font-weight":"","font-style":"","subsets":"","text-align":"","font-size":"","line-height":"","letter-spacing":"","color":""},"font_h5":{"font-family":"","font-options":"","google":"1","font-weight":"","font-style":"","subsets":"","text-align":"","font-size":"","line-height":"","letter-spacing":"","color":""},"font_h6":{"font-family":"","font-options":"","google":"1","font-weight":"","font-style":"","subsets":"","text-align":"","font-size":"","line-height":"","letter-spacing":"","color":""},"font_p":{"font-family":"","font-options":"","google":"1","font-weight":"","font-style":"","subsets":"","text-align":"","font-size":"","line-height":"","letter-spacing":"","color":""},"backtotop_onoff":"1","backtotop_bg":"#fcd641","pag_onoff":"1","pag_type":"outline","pag_size":"large","pag_group":"no","pag_corner":"circle","pag_align":"left","pag_clr":"","pag_hvrclr":"","pag_nclr":"","pag_hvrnclr":"","logo_onoff":"1","logo_type":"img","text_logo":"","logo_style":{"font-family":"","font-options":"","google":"1","font-weight":"","font-style":"","subsets":"","font-size":"","line-height":"","color":""},"img_logo":{"url":"https:\/\/ninetheme.com\/themes\/agro\/wp-content\/uploads\/2019\/02\/default-logo.png","id":"629","height":"260","width":"200","thumbnail":"https:\/\/ninetheme.com\/themes\/agro\/wp-content\/uploads\/2019\/02\/default-logo-150x150.png","title":"default-logo","caption":"","alt":"","description":""},"img_logo_dimensions":{"width":"","height":"","units":"px"},"header_onoff":"1","header_style":"1","topbar_onoff":"1","topbar_address":"523 Sylvan Ave, 5th Floor Mountain View, CA 940 USA","topbar_phone":"<a href=\"#\">+1 (234) 56789<\/a>,  <a href=\"#\">+1 987 654 3210<\/a>","topbar_mail":"<a href=\"mailto:support@agrocompany.com\">support@agrocompany.com<\/a>","topbar_socials":"<a class=\"fontello-twitter\" href=\"#\"><\/a>\r\n            <a class=\"fontello-facebook\" href=\"#\"><\/a>\r\n            <a class=\"fontello-linkedin-squared\" href=\"#\"><\/a>","nav_icon":"","nav_icon_hvr":"","nav_bg":{"color":"","alpha":"","rgba":""},"nav_a_typo":{"font-family":"","font-options":"","google":"1","font-weight":"","font-style":"","subsets":"","text-align":"","font-size":"","line-height":"","letter-spacing":"","color":""},"nav_hvr_a":"","nav_hvr_a_bfraftr":"","mobile_nav_bg":{"background-color":"#24292c","background-repeat":"no-repeat","background-size":"inherit","background-attachment":"","background-position":"left bottom","background-image":"https:\/\/ninetheme.com\/themes\/agro\/wp-content\/uploads\/2019\/02\/top_bar_bg-1.jpg","media":{"id":"524","height":"322","width":"500","thumbnail":"https:\/\/ninetheme.com\/themes\/agro\/wp-content\/uploads\/2019\/02\/top_bar_bg-1-150x150.jpg"}},"nav_btn_onoff":"1","nav_btn_title":"Get in Touch","nav_btn_url":"#","nav_btn_bg":{"color":"","alpha":"1","rgba":""},"nav_btn_hvrbg":{"color":"","alpha":"1","rgba":""},"nav_btn_clr":"","nav_btn_hvrclr":"","index_layout":"right-sidebar","single_layout":"right-sidebar","search_layout":"right-sidebar","archive_layout":"right-sidebar","error_layout":"full-width","sdbr_bg":"","sdbr_brd":{"border-top":"","border-right":"","border-bottom":"","border-left":"","border-style":"solid","border-color":""},"sdbr_pad":{"padding-top":"","padding-right":"","padding-bottom":"","padding-left":"","units":"px"},"sdbr_mar":{"margin-top":"","margin-right":"","margin-bottom":"","margin-left":"","units":"px"},"sdbr_w_bg":"","sdbr_w_brd":{"border-top":"","border-right":"","border-bottom":"","border-left":"","border-style":"solid","border-color":""},"sdbr_wt":"","sdbr_wtbfr":{"background-color":"","background-repeat":"","background-size":"","background-attachment":"","background-position":"","background-image":"","media":{"id":"","height":"","width":"","thumbnail":""}},"sdbr_wp":"","sdbr_a":"","sdbr_hvr_a":"","sdbr_w_pad":{"padding-top":"","padding-right":"","padding-bottom":"","padding-left":"","units":"px"},"sdbr_w_mar":{"margin-top":"","margin-right":"","margin-bottom":"","margin-left":"","units":"px"},"blog_hero":"1","blog_hero_alignment":"text-left","blog_hero_bg":{"background-color":"","background-repeat":"","background-size":"","background-attachment":"","background-position":"","background-image":"https:\/\/ninetheme.com\/themes\/agro\/wp-content\/uploads\/2019\/02\/4-7.jpg","media":{"id":"334","height":"799","width":"1600","thumbnail":"https:\/\/ninetheme.com\/themes\/agro\/wp-content\/uploads\/2019\/02\/4-7-150x150.jpg"}},"blog_hero_overlay":{"color":"","alpha":"0.5","rgba":""},"blog_hero_pad":{"padding-top":"","padding-right":"","padding-bottom":"","padding-left":"","units":"px"},"blog_title":"BLOG","blog_title_typo":{"font-family":"","font-options":"","google":"1","font-weight":"","font-style":"","subsets":"","text-align":"","font-size":"","line-height":"","letter-spacing":"","color":""},"blog_slogan":"Our","blog_slogan_typo":{"font-family":"","font-options":"","google":"1","font-weight":"","font-style":"","subsets":"","text-align":"","font-size":"","line-height":"","letter-spacing":"","color":""},"blog_desc":"The point of using Lorem Ipsum is that it has a more-or-less normal distribution of letters, as opposed to using 'Content here, content here', making it look like readable English","blog_desc_typo":{"font-family":"","font-options":"","google":"1","font-weight":"","font-style":"","subsets":"","text-align":"","font-size":"","line-height":"","letter-spacing":"","color":""},"blog_content_pad":{"padding-top":"","padding-right":"","padding-bottom":"","padding-left":"","units":"px"},"post_alignment":"text-left","post_title_onoff":"1","post_meta_onoff":"1","post_category_onoff":"0","post_author_onoff":"1","post_date_onoff":"1","post_comments_onoff":"1","post_excerpt_onoff":"1","excerptsz":"80","post_button_onoff":"1","single_hero_onoff":"1","single_hero_alignment":"text-left","single_hero_bg":{"background-color":"","background-repeat":"","background-size":"","background-attachment":"","background-position":"","background-image":"https:\/\/ninetheme.com\/themes\/agro\/wp-content\/uploads\/2019\/02\/5-6.jpg","media":{"id":"520","height":"809","width":"1600","thumbnail":"https:\/\/ninetheme.com\/themes\/agro\/wp-content\/uploads\/2019\/02\/5-6-150x150.jpg"}},"single_hero_overlay":{"color":"","alpha":"0.5","rgba":""},"single_hero_pad":{"padding-top":"","padding-right":"","padding-bottom":"","padding-left":"","units":"px"},"single_title_typo":{"font-family":"","font-options":"","google":"1","font-weight":"","font-style":"","subsets":"","text-align":"","font-size":"","line-height":"","letter-spacing":"","color":""},"single_slogan":"","single_slogan_typo":{"font-family":"","font-options":"","google":"1","font-weight":"","font-style":"","subsets":"","text-align":"","font-size":"","line-height":"","letter-spacing":"","color":""},"single_desc":"","single_desc_typo":{"font-family":"","font-options":"","google":"1","font-weight":"","font-style":"","subsets":"","text-align":"","font-size":"","line-height":"","letter-spacing":"","color":""},"single_content_pad":{"padding-top":"","padding-right":"","padding-bottom":"","padding-left":"","units":"px"},"single_postmeta_tags_onoff":"1","single_post_author_box_onoff":"0","single_navigation_onoff":"1","single_related_onoff":"0","related_perpage":"3","related_title":"You May Also Like","archive_hero_onoff":"1","archive_hero_alignment":"text-left","archive_hero_bg":{"background-color":"","background-repeat":"","background-size":"","background-attachment":"","background-position":"","background-image":"https:\/\/ninetheme.com\/themes\/agro\/wp-content\/uploads\/2019\/02\/4-7.jpg","media":{"id":"334","height":"799","width":"1600","thumbnail":"https:\/\/ninetheme.com\/themes\/agro\/wp-content\/uploads\/2019\/02\/4-7-150x150.jpg"}},"archive_hero_overlay":{"color":"","alpha":"0.5","rgba":""},"archive_hero_pad":{"padding-top":"","padding-right":"","padding-bottom":"","padding-left":"","units":"px"},"archive_title":"ARCHIVE","archive_title_typo":{"font-family":"","font-options":"","google":"1","font-weight":"","font-style":"","subsets":"","text-align":"","font-size":"","line-height":"","letter-spacing":"","color":""},"archive_slogan":"Page","archive_slogan_typo":{"font-family":"","font-options":"","google":"1","font-weight":"","font-style":"","subsets":"","text-align":"","font-size":"","line-height":"","letter-spacing":"","color":""},"archive_desc":"","archive_desc_typo":{"font-family":"","font-options":"","google":"1","font-weight":"","font-style":"","subsets":"","text-align":"","font-size":"","line-height":"","letter-spacing":"","color":""},"archive_content_pad":{"padding-top":"","padding-right":"","padding-bottom":"","padding-left":"","units":"px"},"error_hero_onoff":"1","error_hero_alignment":"text-left","error_hero_bg":{"background-color":"","background-repeat":"","background-size":"","background-attachment":"","background-position":"","background-image":"https:\/\/ninetheme.com\/themes\/agro\/wp-content\/uploads\/2019\/02\/9-4.jpg","media":{"id":"519","height":"1101","width":"1600","thumbnail":"https:\/\/ninetheme.com\/themes\/agro\/wp-content\/uploads\/2019\/02\/9-4-150x150.jpg"}},"error_hero_overlay":{"color":"","alpha":"0.5","rgba":""},"error_hero_pad":{"padding-top":"","padding-right":"","padding-bottom":"","padding-left":"","units":"px"},"error_title":"404 - Not Found","error_title_typo":{"font-family":"","font-options":"","google":"1","font-weight":"","font-style":"","subsets":"","text-align":"","font-size":"","line-height":"","letter-spacing":"","color":""},"error_slogan":"Page","error_slogan_typo":{"font-family":"","font-options":"","google":"1","font-weight":"","font-style":"","subsets":"","text-align":"","font-size":"","line-height":"","letter-spacing":"","color":""},"error_desc":"","error_desc_typo":{"font-family":"","font-options":"","google":"1","font-weight":"","font-style":"","subsets":"","text-align":"","font-size":"","line-height":"","letter-spacing":"","color":""},"error_content_pad":{"padding-top":"","padding-right":"","padding-bottom":"","padding-left":"","units":"px"},"search_hero_onoff":"1","search_hero_alignment":"text-left","search_hero_bg":{"background-color":"","background-repeat":"","background-size":"","background-attachment":"","background-position":"","background-image":"https:\/\/ninetheme.com\/themes\/agro\/wp-content\/uploads\/2019\/02\/4-7.jpg","media":{"id":"334","height":"799","width":"1600","thumbnail":"https:\/\/ninetheme.com\/themes\/agro\/wp-content\/uploads\/2019\/02\/4-7-150x150.jpg"}},"search_hero_overlay":{"color":"","alpha":"0.5","rgba":""},"search_hero_pad":{"padding-top":"","padding-right":"","padding-bottom":"","padding-left":"","units":"px"},"search_title":"","search_title_typo":{"font-family":"","font-options":"","google":"1","font-weight":"","font-style":"","subsets":"","text-align":"","font-size":"","line-height":"","letter-spacing":"","color":""},"search_slogan":"Search Completed","search_slogan_typo":{"font-family":"","font-options":"","google":"1","font-weight":"","font-style":"","subsets":"","text-align":"","font-size":"","line-height":"","letter-spacing":"","color":""},"search_desc":"","search_desc_typo":{"font-family":"","font-options":"","google":"1","font-weight":"","font-style":"","subsets":"","text-align":"","font-size":"","line-height":"","letter-spacing":"","color":""},"search_content_pad":{"padding-top":"","padding-right":"","padding-bottom":"","padding-left":"","units":"px"},"footer_form_onoff":"1","footer_form_shortcode":"","footer_form_heading":"Get <span>in touch<\/span>","footer_form_desc":"Latin words, combined with a handful of model sentence structures, to generate Lorem Ipsum which looks reasonable.","form_bottom_bg":{"background-color":"","background-repeat":"","background-size":"","background-attachment":"","background-position":"","background-image":"","media":{"id":"","height":"","width":"","thumbnail":""}},"footer_map_onoff":"1","footer_map_apikey":"","footer_map_longitude":"","footer_map_latitude":"","footer_map_marker":{"url":"","id":"","height":"","width":"","thumbnail":"","title":"","caption":"","alt":"","description":""},"footer_map_minheight":"255","footer_onoff":"1","fw_bg":{"background-color":"","background-repeat":"","background-size":"","background-attachment":"","background-position":"","background-image":"","media":{"id":"","height":"","width":"","thumbnail":""}},"fw_pad":{"padding-top":"","padding-right":"","padding-bottom":"","padding-left":"","units":"px"},"custom_widgets":["col-12 col-sm-auto","col-12 col-sm","col-12 col-lg-5 col-xl-4 offset-xl-1"],"fw_wt":"","fw_wa":"","fw_hvra":"","fw_wp":"","footer_copyright":"2019 Agro. All rights reserved. Created by <a class=\"__dev\" href=\"https:\/\/themeforest.net\/user\/ninetheme\" target=\"_blank\">NineTheme<\/a>","footer_copyright_clr":"","footer_nav_onoff":"1","footer_nav_clr":"","footer_nav_hvrclr":"","shop_layout":"right-sidebar","shop_hero":"1","shop_hero_alignment":"text-left","shop_hero_bg":{"background-color":"","background-repeat":"","background-size":"","background-attachment":"","background-position":"","background-image":"https:\/\/ninetheme.com\/themes\/agro\/wp-content\/uploads\/2019\/02\/bg_2.jpg","media":{"id":"172","height":"1060","width":"1600","thumbnail":"https:\/\/ninetheme.com\/themes\/agro\/wp-content\/uploads\/2019\/02\/bg_2-150x150.jpg"}},"shop_title":"Shop","shop_title_typo":{"font-family":"","font-options":"","google":"1","font-weight":"","font-style":"","subsets":"","text-align":"","font-size":"","line-height":"","letter-spacing":"","color":"#ffffff"},"shop_slogan":"Agro Products","shop_slogan_typo":{"font-family":"","font-options":"","google":"1","font-weight":"","font-style":"","subsets":"","text-align":"","font-size":"","line-height":"","letter-spacing":"","color":"#ffffff"},"shop_desc":"Agriculture organic products can save your body and live","shop_desc_typo":{"font-family":"","font-options":"","google":"1","font-weight":"","font-style":"","subsets":"","text-align":"","font-size":"","line-height":"","letter-spacing":"","color":"#ffffff"},"shop_single_layout":"right-sidebar","shop_product_hero":"1","shop_product_hero_alignment":"text-left","shop_product_hero_bg":{"background-color":"","background-repeat":"","background-size":"","background-attachment":"","background-position":"","background-image":"https:\/\/ninetheme.com\/themes\/agro\/wp-content\/uploads\/2019\/02\/7-3.jpg","media":{"id":"306","height":"520","width":"673","thumbnail":"https:\/\/ninetheme.com\/themes\/agro\/wp-content\/uploads\/2019\/02\/7-3-150x150.jpg"}},"shop_product_title":"","shop_product_title_typo":{"font-family":"","font-options":"","google":"1","font-weight":"","font-style":"","subsets":"","text-align":"","font-size":"","line-height":"","letter-spacing":"","color":"#ffffff"},"shop_product_slogan":"Agro Product Page","shop_product_slogan_typo":{"font-family":"","font-options":"","google":"1","font-weight":"","font-style":"","subsets":"","text-align":"","font-size":"","line-height":"","letter-spacing":"","color":"#ffffff"},"shop_product_desc":"","shop_product_desc_typo":{"font-family":"","font-options":"","google":"1","font-weight":"","font-style":"","subsets":"","text-align":"","font-size":"","line-height":"","letter-spacing":"","color":"#ffffff"},"redux-backup":"1"}